promedio_anual_mejores_docentes,promedio_anual_peores_docentes
5.911016623426539828961276,5.703124305709842257276161
