tipoRuralidad,avg_promedio_anual,avg_asistencia_anual,n_alumnos
Urbana,5.705060004160923242713206,84.563842813550760635934982,3234859
Rural,5.080769230769230769230769,74.215201465201465201465201,2184
